Identifier,Original ARK/DOI,Work Title,Minted DOI,Status,Reason,URL
ET_Archuleta_County_photo_index.pdf,,ET 2-25/ET 6-05,https://doi.org/10.60807/7gcogk,Created,,https://cudl.colorado.edu//luna/servlet/detail/UCBOULDERCB1~17~17~46767~1256136
et002025.jpg,,ET 2-25,https://doi.org/10.60807/n0k1a4,Created,,https://cudl.colorado.edu//luna/servlet/detail/UCBOULDERCB1~17~17~46628~1256082
et002023.jpg,,ET 2-23,https://doi.org/10.60807/sea52a,Created,,https://cudl.colorado.edu//luna/servlet/detail/UCBOULDERCB1~17~17~46627~1256083
et002031.jpg,,ET 2-31,https://doi.org/10.60807/20dxbw,Created,,https://cudl.colorado.edu//luna/servlet/detail/UCBOULDERCB1~17~17~46631~1256079
et002021.jpg,,ET 2-21,https://doi.org/10.60807/dipebo,Created,,https://cudl.colorado.edu//luna/servlet/detail/UCBOULDERCB1~17~17~46626~1256084
et002029.jpg,,ET 2-29,https://doi.org/10.60807/k4v46v,Created,,https://cudl.colorado.edu//luna/servlet/detail/UCBOULDERCB1~17~17~46630~1256080
et002027.jpg,,ET 2-27,https://doi.org/10.60807/oypedp,Created,,https://cudl.colorado.edu//luna/servlet/detail/UCBOULDERCB1~17~17~46629~1256081
et001072.jpg,,ET 1-72,https://doi.org/10.60807/ymi5fu,Created,,https://cudl.colorado.edu//luna/servlet/detail/UCBOULDERCB1~17~17~46613~1256097
et001070.jpg,,ET 1-70,https://doi.org/10.60807/y74v6q,Created,,https://cudl.colorado.edu//luna/servlet/detail/UCBOULDERCB1~17~17~46612~1256098
et002017.jpg,,ET 2-17,https://doi.org/10.60807/9f2auo,Created,,https://cudl.colorado.edu//luna/servlet/detail/UCBOULDERCB1~17~17~46624~1256086
et001076.jpg,,ET 1-76,https://doi.org/10.60807/9pz5bl,Created,,https://cudl.colorado.edu//luna/servlet/detail/UCBOULDERCB1~17~17~46615~1256095
et001062.jpg,,ET 1-62,https://doi.org/10.60807/l4j5un,Created,,https://cudl.colorado.edu//luna/servlet/detail/UCBOULDERCB1~17~17~46608~1256102
et001064.jpg,,ET 1-64,https://doi.org/10.60807/sjqn6w,Created,,https://cudl.colorado.edu//luna/servlet/detail/UCBOULDERCB1~17~17~46609~1256101
et001074.jpg,,ET 1-74,https://doi.org/10.60807/zhh681,Created,,https://cudl.colorado.edu//luna/servlet/detail/UCBOULDERCB1~17~17~46614~1256096
et002019.jpg,,ET 2-19,https://doi.org/10.60807/gaxb6g,Created,,https://cudl.colorado.edu//luna/servlet/detail/UCBOULDERCB1~17~17~46625~1256085
et001066.jpg,,ET 1-66,https://doi.org/10.60807/hf2tyu,Created,,https://cudl.colorado.edu//luna/servlet/detail/UCBOULDERCB1~17~17~46610~1256100
et001068.jpg,,ET 1-68,https://doi.org/10.60807/rcmhym,Created,,https://cudl.colorado.edu//luna/servlet/detail/UCBOULDERCB1~17~17~46611~1256099
et001060.jpg,,ET 1-60,https://doi.org/10.60807/26tsn0,Created,,https://cudl.colorado.edu//luna/servlet/detail/UCBOULDERCB1~17~17~46607~1256103
et002015.jpg,,ET 2-15,https://doi.org/10.60807/3pbyy4,Created,,https://cudl.colorado.edu//luna/servlet/detail/UCBOULDERCB1~17~17~46623~1256087
et002005.jpg,,ET 2-05,https://doi.org/10.60807/q9og59,Created,,https://cudl.colorado.edu//luna/servlet/detail/UCBOULDERCB1~17~17~46618~1256092
et001058.jpg,,ET 1-58,https://doi.org/10.60807/h8eppq,Created,,https://cudl.colorado.edu//luna/servlet/detail/UCBOULDERCB1~17~17~46606~1256104
et001043.jpg,,ET 1-43,https://doi.org/10.60807/6r3pxi,Created,,https://cudl.colorado.edu//luna/servlet/detail/UCBOULDERCB1~17~17~46598~1256112
et001045.jpg,,ET 1-45,https://doi.org/10.60807/dhblnr,Created,,https://cudl.colorado.edu//luna/servlet/detail/UCBOULDERCB1~17~17~46599~1256111
et001047.jpg,,ET 1-47,https://doi.org/10.60807/6bwvls,Created,,https://cudl.colorado.edu//luna/servlet/detail/UCBOULDERCB1~17~17~46600~1256110
et001051.jpg,,ET 1-51,https://doi.org/10.60807/wnqm2u,Created,,https://cudl.colorado.edu//luna/servlet/detail/UCBOULDERCB1~17~17~46602~1256108
et002007.jpg,,ET 2-07,https://doi.org/10.60807/mk96oi,Created,,https://cudl.colorado.edu//luna/servlet/detail/UCBOULDERCB1~17~17~46619~1256091
et002001.jpg,,ET 2-01,https://doi.org/10.60807/679r8n,Created,,https://cudl.colorado.edu//luna/servlet/detail/UCBOULDERCB1~17~17~46616~1256094
et002009.jpg,,ET 2-09,https://doi.org/10.60807/cnpu70,Created,,https://cudl.colorado.edu//luna/servlet/detail/UCBOULDERCB1~17~17~46620~1256090
et001052.jpg,,ET 1-52,https://doi.org/10.60807/xh2c3r,Created,,https://cudl.colorado.edu//luna/servlet/detail/UCBOULDERCB1~17~17~46603~1256107
et001037.jpg,,ET 1-37,https://doi.org/10.60807/mnw3rg,Created,,https://cudl.colorado.edu//luna/servlet/detail/UCBOULDERCB1~17~17~46595~1256115
et001033.jpg,,ET 1-33,https://doi.org/10.60807/23f6lm,Created,,https://cudl.colorado.edu//luna/servlet/detail/UCBOULDERCB1~17~17~46593~1256117
et002011.jpg,,ET 2-11,https://doi.org/10.60807/cqephi,Created,,https://cudl.colorado.edu//luna/servlet/detail/UCBOULDERCB1~17~17~46621~1256089
et002013.jpg,,ET 2-13,https://doi.org/10.60807/i01691,Created,,https://cudl.colorado.edu//luna/servlet/detail/UCBOULDERCB1~17~17~46622~1256088
et002003.jpg,,ET 2-03,https://doi.org/10.60807/8nrl26,Created,,https://cudl.colorado.edu//luna/servlet/detail/UCBOULDERCB1~17~17~46617~1256093
et001041.jpg,,ET 1-41,https://doi.org/10.60807/e4ukpj,Created,,https://cudl.colorado.edu//luna/servlet/detail/UCBOULDERCB1~17~17~46597~1256113
et001049.jpg,,ET 1-49,https://doi.org/10.60807/0k2mhi,Created,,https://cudl.colorado.edu//luna/servlet/detail/UCBOULDERCB1~17~17~46601~1256109
et001056.jpg,,ET 1-56,https://doi.org/10.60807/imvpou,Created,,https://cudl.colorado.edu//luna/servlet/detail/UCBOULDERCB1~17~17~46605~1256105
et001054.jpg,,ET 1-54,https://doi.org/10.60807/o19oy2,Created,,https://cudl.colorado.edu//luna/servlet/detail/UCBOULDERCB1~17~17~46604~1256106
et001039.jpg,,ET 1-39,https://doi.org/10.60807/12y6w0,Created,,https://cudl.colorado.edu//luna/servlet/detail/UCBOULDERCB1~17~17~46596~1256114
et001027.jpg,,ET 1-27,https://doi.org/10.60807/15wm98,Created,,https://cudl.colorado.edu//luna/servlet/detail/UCBOULDERCB1~17~17~46590~1256120
et001035.jpg,,ET 1-35,https://doi.org/10.60807/dqmzza,Created,,https://cudl.colorado.edu//luna/servlet/detail/UCBOULDERCB1~17~17~46594~1256116
et001031.jpg,,ET 1-31,https://doi.org/10.60807/1jwxoz,Created,,https://cudl.colorado.edu//luna/servlet/detail/UCBOULDERCB1~17~17~46592~1256118
et001019.jpg,,ET 1-19,https://doi.org/10.60807/4j2h7d,Created,,https://cudl.colorado.edu//luna/servlet/detail/UCBOULDERCB1~17~17~46585~1256125
et001021.jpg,,ET 1-21,https://doi.org/10.60807/x0hvot,Created,,https://cudl.colorado.edu//luna/servlet/detail/UCBOULDERCB1~17~17~46586~1256124
et001001.jpg,,ET 1-01,https://doi.org/10.60807/v3z4tp,Created,,https://cudl.colorado.edu//luna/servlet/detail/UCBOULDERCB1~17~17~46576~1256134
et001022.jpg,,ET 1-22,https://doi.org/10.60807/qfuf1f,Created,,https://cudl.colorado.edu//luna/servlet/detail/UCBOULDERCB1~17~17~46587~1256123
et001009.jpg,,ET 1-09,https://doi.org/10.60807/10uufk,Created,,https://cudl.colorado.edu//luna/servlet/detail/UCBOULDERCB1~17~17~46580~1256130
et001011.jpg,,ET 1-11,https://doi.org/10.60807/uhv0tf,Created,,https://cudl.colorado.edu//luna/servlet/detail/UCBOULDERCB1~17~17~46581~1256129
et001023.jpg,,ET 1-23,https://doi.org/10.60807/ofxwdp,Created,,https://cudl.colorado.edu//luna/servlet/detail/UCBOULDERCB1~17~17~46588~1256122
et001029.jpg,,ET 1-29,https://doi.org/10.60807/h2ug2p,Created,,https://cudl.colorado.edu//luna/servlet/detail/UCBOULDERCB1~17~17~46591~1256119
et001017.jpg,,ET 1-17,https://doi.org/10.60807/ahd6me,Created,,https://cudl.colorado.edu//luna/servlet/detail/UCBOULDERCB1~17~17~46584~1256126
et001013.jpg,,ET 1-13,https://doi.org/10.60807/6gcpyl,Created,,https://cudl.colorado.edu//luna/servlet/detail/UCBOULDERCB1~17~17~46582~1256128
et001015.jpg,,ET 1-15,https://doi.org/10.60807/yw10h4,Created,,https://cudl.colorado.edu//luna/servlet/detail/UCBOULDERCB1~17~17~46583~1256127
et001025.jpg,,ET 1-25,https://doi.org/10.60807/ces0s6,Created,,https://cudl.colorado.edu//luna/servlet/detail/UCBOULDERCB1~17~17~46589~1256121
et001007.jpg,,ET 1-07,https://doi.org/10.60807/2xq1u0,Created,,https://cudl.colorado.edu//luna/servlet/detail/UCBOULDERCB1~17~17~46579~1256131
et001003.jpg,,ET 1-03,https://doi.org/10.60807/a6nh3u,Created,,https://cudl.colorado.edu//luna/servlet/detail/UCBOULDERCB1~17~17~46577~1256133
et001005.jpg,,ET 1-05,https://doi.org/10.60807/aqfmbp,Created,,https://cudl.colorado.edu//luna/servlet/detail/UCBOULDERCB1~17~17~46578~1256132
et003021.jpg,,ET 3-21,https://doi.org/10.60807/ctul6a,Created,,https://cudl.colorado.edu//luna/servlet/detail/UCBOULDERCB1~17~17~46659~1256051
et003017.jpg,,ET 3-17,https://doi.org/10.60807/m90hwg,Created,,https://cudl.colorado.edu//luna/servlet/detail/UCBOULDERCB1~17~17~46657~1256053
et003029.jpg,,ET 3-29,https://doi.org/10.60807/frip11,Created,,https://cudl.colorado.edu//luna/servlet/detail/UCBOULDERCB1~17~17~46663~1256047
et003025.jpg,,ET 3-25,https://doi.org/10.60807/xl5t9k,Created,,https://cudl.colorado.edu//luna/servlet/detail/UCBOULDERCB1~17~17~46661~1256049
et003027.jpg,,ET 3-27,https://doi.org/10.60807/uhdy0p,Created,,https://cudl.colorado.edu//luna/servlet/detail/UCBOULDERCB1~17~17~46662~1256048
et003019.jpg,,ET 3-19,https://doi.org/10.60807/842w67,Created,,https://cudl.colorado.edu//luna/servlet/detail/UCBOULDERCB1~17~17~46658~1256052
et003023.jpg,,ET 3-23,https://doi.org/10.60807/yv5xsi,Created,,https://cudl.colorado.edu//luna/servlet/detail/UCBOULDERCB1~17~17~46660~1256050
et003015.jpg,,ET 3-15,https://doi.org/10.60807/w15k4k,Created,,https://cudl.colorado.edu//luna/servlet/detail/UCBOULDERCB1~17~17~46656~1256054
et002054.jpg,,ET 2-54,https://doi.org/10.60807/88rg24,Created,,https://cudl.colorado.edu//luna/servlet/detail/UCBOULDERCB1~17~17~46640~1256070
et002052.jpg,,ET 2-52,https://doi.org/10.60807/f7suv5,Created,,https://cudl.colorado.edu//luna/servlet/detail/UCBOULDERCB1~17~17~46639~1256071
et002046.jpg,,ET 2-46,https://doi.org/10.60807/5qp0av,Created,,https://cudl.colorado.edu//luna/servlet/detail/UCBOULDERCB1~17~17~46636~1256074
et002062.jpg,,ET 2-62,https://doi.org/10.60807/1v5p11,Created,,https://cudl.colorado.edu//luna/servlet/detail/UCBOULDERCB1~17~17~46644~1256066
et002064.jpg,,ET 2-64,https://doi.org/10.60807/w04y9q,Created,,https://cudl.colorado.edu//luna/servlet/detail/UCBOULDERCB1~17~17~46645~1256065
et003005.jpg,,ET 3-05,https://doi.org/10.60807/v51stf,Created,,https://cudl.colorado.edu//luna/servlet/detail/UCBOULDERCB1~17~17~46651~1256059
et003003.jpg,,ET 3-03,https://doi.org/10.60807/abgucg,Created,,https://cudl.colorado.edu//luna/servlet/detail/UCBOULDERCB1~17~17~46650~1256060
et002044.jpg,,ET 2-44,https://doi.org/10.60807/y70c64,Created,,https://cudl.colorado.edu//luna/servlet/detail/UCBOULDERCB1~17~17~46635~1256075
et002048.jpg,,ET 2-48,https://doi.org/10.60807/kupshq,Created,,https://cudl.colorado.edu//luna/servlet/detail/UCBOULDERCB1~17~17~46637~1256073
et003007.jpg,,ET 3-07,https://doi.org/10.60807/6efrb3,Created,,https://cudl.colorado.edu//luna/servlet/detail/UCBOULDERCB1~17~17~46652~1256058
et003001.jpg,,ET 3-01,https://doi.org/10.60807/es501i,Created,,https://cudl.colorado.edu//luna/servlet/detail/UCBOULDERCB1~17~17~46649~1256061
et002040.jpg,,ET 2-40,https://doi.org/10.60807/z4pd2x,Created,,https://cudl.colorado.edu//luna/servlet/detail/UCBOULDERCB1~17~17~46633~1256077
et002050.jpg,,ET 2-50,https://doi.org/10.60807/vw0m1t,Created,,https://cudl.colorado.edu//luna/servlet/detail/UCBOULDERCB1~17~17~46638~1256072
et002042.jpg,,ET 2-42,https://doi.org/10.60807/7khnh6,Created,,https://cudl.colorado.edu//luna/servlet/detail/UCBOULDERCB1~17~17~46634~1256076
et003013.jpg,,ET 3-13,https://doi.org/10.60807/wymn9k,Created,,https://cudl.colorado.edu//luna/servlet/detail/UCBOULDERCB1~17~17~46655~1256055
et003011.jpg,,ET 3-11,https://doi.org/10.60807/8cztcb,Created,,https://cudl.colorado.edu//luna/servlet/detail/UCBOULDERCB1~17~17~46654~1256056
et002056.jpg,,ET 2-56,https://doi.org/10.60807/r9uhfm,Created,,https://cudl.colorado.edu//luna/servlet/detail/UCBOULDERCB1~17~17~46641~1256069
et003009.jpg,,ET 3-09,https://doi.org/10.60807/yutvmx,Created,,https://cudl.colorado.edu//luna/servlet/detail/UCBOULDERCB1~17~17~46653~1256057
et002058.jpg,,ET 2-58,https://doi.org/10.60807/af4ktb,Created,,https://cudl.colorado.edu//luna/servlet/detail/UCBOULDERCB1~17~17~46642~1256068
et002070.jpg,,ET 2-70,https://doi.org/10.60807/28r3en,Created,,https://cudl.colorado.edu//luna/servlet/detail/UCBOULDERCB1~17~17~46648~1256062
et002068.jpg,,ET 2-68,https://doi.org/10.60807/8jf2ba,Created,,https://cudl.colorado.edu//luna/servlet/detail/UCBOULDERCB1~17~17~46647~1256063
et002066.jpg,,ET 2-66,https://doi.org/10.60807/0vzsh0,Created,,https://cudl.colorado.edu//luna/servlet/detail/UCBOULDERCB1~17~17~46646~1256064
et002038.jpg,,ET 2-38,https://doi.org/10.60807/f6j7b4,Created,,https://cudl.colorado.edu//luna/servlet/detail/UCBOULDERCB1~17~17~46632~1256078
et002060.jpg,,ET 2-60,https://doi.org/10.60807/bmgfr5,Created,,https://cudl.colorado.edu//luna/servlet/detail/UCBOULDERCB1~17~17~46643~1256067
et004047.jpg,,ET 4-47,https://doi.org/10.60807/de3rc4,Created,,https://cudl.colorado.edu//luna/servlet/detail/UCBOULDERCB1~17~17~46677~1256033
et004049.jpg,,ET 4-49,https://doi.org/10.60807/yk1u36,Created,,https://cudl.colorado.edu//luna/servlet/detail/UCBOULDERCB1~17~17~46678~1256032
et004013.jpg,,ET 4-13,https://doi.org/10.60807/4anh6s,Created,,https://cudl.colorado.edu//luna/servlet/detail/UCBOULDERCB1~17~17~46670~1256040
et005031.jpg,,ET 5-31,https://doi.org/10.60807/wn8vq6,Created,,https://cudl.colorado.edu//luna/servlet/detail/UCBOULDERCB1~17~17~46724~1255986
et004051.jpg,,ET 4-51,https://doi.org/10.60807/3hzdjs,Created,,https://cudl.colorado.edu//luna/servlet/detail/UCBOULDERCB1~17~17~46679~1256031
et005017.jpg,,ET 5-17,https://doi.org/10.60807/esyb24,Created,,https://cudl.colorado.edu//luna/servlet/detail/UCBOULDERCB1~17~17~46717~1255993
et004053.jpg,,ET 4-53,https://doi.org/10.60807/i0bble,Created,,https://cudl.colorado.edu//luna/servlet/detail/UCBOULDERCB1~17~17~46680~1256030
et005025.jpg,,ET 5-25,https://doi.org/10.60807/0ghplx,Created,,https://cudl.colorado.edu//luna/servlet/detail/UCBOULDERCB1~17~17~46721~1255989
et005037.jpg,,ET 5-37,https://doi.org/10.60807/s322i0,Created,,https://cudl.colorado.edu//luna/servlet/detail/UCBOULDERCB1~17~17~46727~1255983
et004023.jpg,,ET 4-23,https://doi.org/10.60807/21n4f9,Created,,https://cudl.colorado.edu//luna/servlet/detail/UCBOULDERCB1~17~17~46675~1256035
et004021.jpg,,ET 4-21,https://doi.org/10.60807/6xl2bh,Created,,https://cudl.colorado.edu//luna/servlet/detail/UCBOULDERCB1~17~17~46674~1256036
et004025.jpg,,ET 4-25,https://doi.org/10.60807/e30xes,Created,,https://cudl.colorado.edu//luna/servlet/detail/UCBOULDERCB1~17~17~46676~1256034
et004003.jpg,,ET 4-03,https://doi.org/10.60807/rkvuyn,Created,,https://cudl.colorado.edu//luna/servlet/detail/UCBOULDERCB1~17~17~46665~1256045
et004005.jpg,,ET 4-05,https://doi.org/10.60807/8bhpkq,Created,,https://cudl.colorado.edu//luna/servlet/detail/UCBOULDERCB1~17~17~46666~1256044
et004011.jpg,,ET 4-11,https://doi.org/10.60807/k4rmnt,Created,,https://cudl.colorado.edu//luna/servlet/detail/UCBOULDERCB1~17~17~46669~1256041
et004055.jpg,,ET 4-55,https://doi.org/10.60807/n36dg5,Created,,https://cudl.colorado.edu//luna/servlet/detail/UCBOULDERCB1~17~17~46681~1256029
et004007.jpg,,ET 4-07,https://doi.org/10.60807/t8duyl,Created,,https://cudl.colorado.edu//luna/servlet/detail/UCBOULDERCB1~17~17~46667~1256043
et004017.jpg,,ET 4-17,https://doi.org/10.60807/jz5eoq,Created,,https://cudl.colorado.edu//luna/servlet/detail/UCBOULDERCB1~17~17~46672~1256038
et004015.jpg,,ET 4-15,https://doi.org/10.60807/9373y7,Created,,https://cudl.colorado.edu//luna/servlet/detail/UCBOULDERCB1~17~17~46671~1256039
et005033.jpg,,ET 5-33,https://doi.org/10.60807/3vbeuq,Created,,https://cudl.colorado.edu//luna/servlet/detail/UCBOULDERCB1~17~17~46725~1255985
et005041.jpg,,ET 5-41,https://doi.org/10.60807/u58af6,Created,,https://cudl.colorado.edu//luna/servlet/detail/UCBOULDERCB1~17~17~46729~1255981
et005039.jpg,,ET 5-39,https://doi.org/10.60807/j5cjli,Created,,https://cudl.colorado.edu//luna/servlet/detail/UCBOULDERCB1~17~17~46728~1255982
et004001.jpg,,ET 4-01,https://doi.org/10.60807/etpfxs,Created,,https://cudl.colorado.edu//luna/servlet/detail/UCBOULDERCB1~17~17~46664~1256046
et005021.jpg,,ET 5-21,https://doi.org/10.60807/i16odf,Created,,https://cudl.colorado.edu//luna/servlet/detail/UCBOULDERCB1~17~17~46719~1255991
et005019.jpg,,ET 5-19,https://doi.org/10.60807/tbvfr9,Created,,https://cudl.colorado.edu//luna/servlet/detail/UCBOULDERCB1~17~17~46718~1255992
et004009.jpg,,ET 4-09,https://doi.org/10.60807/h5oo4y,Created,,https://cudl.colorado.edu//luna/servlet/detail/UCBOULDERCB1~17~17~46668~1256042
et004019.jpg,,ET 4-19,https://doi.org/10.60807/kgnblg,Created,,https://cudl.colorado.edu//luna/servlet/detail/UCBOULDERCB1~17~17~46673~1256037
et005011.jpg,,ET 5-11,https://doi.org/10.60807/qsgm43,Created,,https://cudl.colorado.edu//luna/servlet/detail/UCBOULDERCB1~17~17~46714~1255996
et004090.jpg,,ET 4-90,https://doi.org/10.60807/ld47py,Created,,https://cudl.colorado.edu//luna/servlet/detail/UCBOULDERCB1~17~17~46699~1256011
et005023.jpg,,ET 5-23,https://doi.org/10.60807/v4tpdr,Created,,https://cudl.colorado.edu//luna/servlet/detail/UCBOULDERCB1~17~17~46720~1255990
et004102.jpg,,ET 4-102,https://doi.org/10.60807/1i302r,Created,,https://cudl.colorado.edu//luna/servlet/detail/UCBOULDERCB1~17~17~46705~1256005
et005005.jpg,,ET 5-05,https://doi.org/10.60807/rvwrov,Created,,https://cudl.colorado.edu//luna/servlet/detail/UCBOULDERCB1~17~17~46711~1255999
et004104.jpg,,ET 4-104,https://doi.org/10.60807/r0iygk,Created,,https://cudl.colorado.edu//luna/servlet/detail/UCBOULDERCB1~17~17~46706~1256004
et004096.jpg,,ET 4-96,https://doi.org/10.60807/0nuak7,Created,,https://cudl.colorado.edu//luna/servlet/detail/UCBOULDERCB1~17~17~46702~1256008
et005035.jpg,,ET 5-35,https://doi.org/10.60807/f8upv8,Created,,https://cudl.colorado.edu//luna/servlet/detail/UCBOULDERCB1~17~17~46726~1255984
et004106.jpg,,ET 4-106,https://doi.org/10.60807/lfc4ek,Created,,https://cudl.colorado.edu//luna/servlet/detail/UCBOULDERCB1~17~17~46707~1256003
et004098.jpg,,ET 4-98,https://doi.org/10.60807/nfl8sb,Created,,https://cudl.colorado.edu//luna/servlet/detail/UCBOULDERCB1~17~17~46703~1256007
et004092.jpg,,ET 4-92,https://doi.org/10.60807/g3qoj2,Created,,https://cudl.colorado.edu//luna/servlet/detail/UCBOULDERCB1~17~17~46700~1256010
et004094.jpg,,ET 4-94,https://doi.org/10.60807/n7de2r,Created,,https://cudl.colorado.edu//luna/servlet/detail/UCBOULDERCB1~17~17~46701~1256009
et005003.jpg,,ET 5-03,https://doi.org/10.60807/lt1qjh,Created,,https://cudl.colorado.edu//luna/servlet/detail/UCBOULDERCB1~17~17~46710~1256000
et005029.jpg,,ET 5-29,https://doi.org/10.60807/4byult,Created,,https://cudl.colorado.edu//luna/servlet/detail/UCBOULDERCB1~17~17~46723~1255987
et005027.jpg,,ET 5-27,https://doi.org/10.60807/k6g5bj,Created,,https://cudl.colorado.edu//luna/servlet/detail/UCBOULDERCB1~17~17~46722~1255988
et005001.jpg,,ET 5-01,https://doi.org/10.60807/761m7o,Created,,https://cudl.colorado.edu//luna/servlet/detail/UCBOULDERCB1~17~17~46709~1256001
et005015.jpg,,ET 5-15,https://doi.org/10.60807/eejjza,Created,,https://cudl.colorado.edu//luna/servlet/detail/UCBOULDERCB1~17~17~46716~1255994
et005009.jpg,,ET 5-09,https://doi.org/10.60807/p8id4z,Created,,https://cudl.colorado.edu//luna/servlet/detail/UCBOULDERCB1~17~17~46713~1255997
et004108.jpg,,ET 4-108,https://doi.org/10.60807/z6fjem,Created,,https://cudl.colorado.edu//luna/servlet/detail/UCBOULDERCB1~17~17~46708~1256002
et005007.jpg,,ET 5-07,https://doi.org/10.60807/zemls8,Created,,https://cudl.colorado.edu//luna/servlet/detail/UCBOULDERCB1~17~17~46712~1255998
et005013.jpg,,ET 5-13,https://doi.org/10.60807/mt4g2n,Created,,https://cudl.colorado.edu//luna/servlet/detail/UCBOULDERCB1~17~17~46715~1255995
et004059.jpg,,ET 4-59,https://doi.org/10.60807/csmgk8,Created,,https://cudl.colorado.edu//luna/servlet/detail/UCBOULDERCB1~17~17~46683~1256027
et004061.jpg,,ET 4-61,https://doi.org/10.60807/e2g2ce,Created,,https://cudl.colorado.edu//luna/servlet/detail/UCBOULDERCB1~17~17~46684~1256026
et004070.jpg,,ET 4-70,https://doi.org/10.60807/pzipas,Created,,https://cudl.colorado.edu//luna/servlet/detail/UCBOULDERCB1~17~17~46689~1256021
et004065.jpg,,ET 4-65,https://doi.org/10.60807/c5wqwk,Created,,https://cudl.colorado.edu//luna/servlet/detail/UCBOULDERCB1~17~17~46686~1256024
et004063.jpg,,ET 4-63,https://doi.org/10.60807/njbgn3,Created,,https://cudl.colorado.edu//luna/servlet/detail/UCBOULDERCB1~17~17~46685~1256025
et004068.jpg,,ET 4-68,https://doi.org/10.60807/5i6laz,Created,,https://cudl.colorado.edu//luna/servlet/detail/UCBOULDERCB1~17~17~46688~1256022
et004088.jpg,,ET 4-88,https://doi.org/10.60807/zsb4rs,Created,,https://cudl.colorado.edu//luna/servlet/detail/UCBOULDERCB1~17~17~46698~1256012
et004057.jpg,,ET 4-57,https://doi.org/10.60807/ng50wp,Created,,https://cudl.colorado.edu//luna/servlet/detail/UCBOULDERCB1~17~17~46682~1256028
et004074.jpg,,ET 4-74,https://doi.org/10.60807/ct04ev,Created,,https://cudl.colorado.edu//luna/servlet/detail/UCBOULDERCB1~17~17~46691~1256019
et004082.jpg,,ET 4-82,https://doi.org/10.60807/ld2ni2,Created,,https://cudl.colorado.edu//luna/servlet/detail/UCBOULDERCB1~17~17~46695~1256015
et004072.jpg,,ET 4-72,https://doi.org/10.60807/wa1oj8,Created,,https://cudl.colorado.edu//luna/servlet/detail/UCBOULDERCB1~17~17~46690~1256020
et004086.jpg,,ET 4-86,https://doi.org/10.60807/ick67j,Created,,https://cudl.colorado.edu//luna/servlet/detail/UCBOULDERCB1~17~17~46697~1256013
et004080.jpg,,ET 4-80,https://doi.org/10.60807/jvv5a7,Created,,https://cudl.colorado.edu//luna/servlet/detail/UCBOULDERCB1~17~17~46694~1256016
et004084.jpg,,ET 4-84,https://doi.org/10.60807/wass9y,Created,,https://cudl.colorado.edu//luna/servlet/detail/UCBOULDERCB1~17~17~46696~1256014
et004078.jpg,,ET 4-78,https://doi.org/10.60807/v3yz0c,Created,,https://cudl.colorado.edu//luna/servlet/detail/UCBOULDERCB1~17~17~46693~1256017
et004100.jpg,,ET 4-100,https://doi.org/10.60807/d84ggp,Created,,https://cudl.colorado.edu//luna/servlet/detail/UCBOULDERCB1~17~17~46704~1256006
et004076.jpg,,ET 4-76,https://doi.org/10.60807/fitnnr,Created,,https://cudl.colorado.edu//luna/servlet/detail/UCBOULDERCB1~17~17~46692~1256018
et004067.jpg,,ET 4-67,https://doi.org/10.60807/skedt8,Created,,https://cudl.colorado.edu//luna/servlet/detail/UCBOULDERCB1~17~17~46687~1256023
et006095.jpg,,ET 6-95,https://doi.org/10.60807/61u3wi,Created,,https://cudl.colorado.edu//luna/servlet/detail/UCBOULDERCB1~17~17~46757~1255953
et006093.jpg,,ET 6-93,https://doi.org/10.60807/zy38v6,Created,,https://cudl.colorado.edu//luna/servlet/detail/UCBOULDERCB1~17~17~46756~1255954
et006107.jpg,,ET 6-107,https://doi.org/10.60807/c8qi28,Created,,https://cudl.colorado.edu//luna/servlet/detail/UCBOULDERCB1~17~17~46764~1255946
et006097.jpg,,ET 6-97,https://doi.org/10.60807/m1svus,Created,,https://cudl.colorado.edu//luna/servlet/detail/UCBOULDERCB1~17~17~46758~1255952
et006100.jpg,,ET 6-100,https://doi.org/10.60807/111rth,Created,,https://cudl.colorado.edu//luna/servlet/detail/UCBOULDERCB1~17~17~46760~1255950
et006101.jpg,,ET 6-101,https://doi.org/10.60807/hyhvwc,Created,,https://cudl.colorado.edu//luna/servlet/detail/UCBOULDERCB1~17~17~46761~1255949
et006103.jpg,,ET 6-103,https://doi.org/10.60807/2dvvnv,Created,,https://cudl.colorado.edu//luna/servlet/detail/UCBOULDERCB1~17~17~46762~1255948
et006105.jpg,,ET 6-105,https://doi.org/10.60807/ui4xv5,Created,,https://cudl.colorado.edu//luna/servlet/detail/UCBOULDERCB1~17~17~46763~1255947
et006099.jpg,,ET 6-99,https://doi.org/10.60807/i02tc2,Created,,https://cudl.colorado.edu//luna/servlet/detail/UCBOULDERCB1~17~17~46759~1255951
et006087.jpg,,ET 6-87,https://doi.org/10.60807/u2b5r0,Created,,https://cudl.colorado.edu//luna/servlet/detail/UCBOULDERCB1~17~17~46753~1255957
et006046.jpg,,ET 6-46,https://doi.org/10.60807/bwb8ka,Created,,https://cudl.colorado.edu//luna/servlet/detail/UCBOULDERCB1~17~17~46749~1255961
et006089.jpg,,ET 6-89,https://doi.org/10.60807/4hqwmp,Created,,https://cudl.colorado.edu//luna/servlet/detail/UCBOULDERCB1~17~17~46754~1255956
et006052.jpg,,ET 6-52,https://doi.org/10.60807/89qjeu,Created,,https://cudl.colorado.edu//luna/servlet/detail/UCBOULDERCB1~17~17~46752~1255958
et006038.jpg,,ET 6-38,https://doi.org/10.60807/ym96zy,Created,,https://cudl.colorado.edu//luna/servlet/detail/UCBOULDERCB1~17~17~46745~1255965
et006091.jpg,,ET 6-91,https://doi.org/10.60807/tcpnhs,Created,,https://cudl.colorado.edu//luna/servlet/detail/UCBOULDERCB1~17~17~46755~1255955
et006048.jpg,,ET 6-48,https://doi.org/10.60807/ooi5kh,Created,,https://cudl.colorado.edu//luna/servlet/detail/UCBOULDERCB1~17~17~46750~1255960
et006050.jpg,,ET 6-50,https://doi.org/10.60807/xis1ia,Created,,https://cudl.colorado.edu//luna/servlet/detail/UCBOULDERCB1~17~17~46751~1255959
et006023.jpg,,ET 6-23,https://doi.org/10.60807/8o6yog,Created,,https://cudl.colorado.edu//luna/servlet/detail/UCBOULDERCB1~17~17~46741~1255969
et006042.jpg,,ET 6-42,https://doi.org/10.60807/crq8dx,Created,,https://cudl.colorado.edu//luna/servlet/detail/UCBOULDERCB1~17~17~46747~1255963
et006025.jpg,,ET 6-25,https://doi.org/10.60807/y1z2ne,Created,,https://cudl.colorado.edu//luna/servlet/detail/UCBOULDERCB1~17~17~46742~1255968
et006040.jpg,,ET 6-40,https://doi.org/10.60807/7jdvvx,Created,,https://cudl.colorado.edu//luna/servlet/detail/UCBOULDERCB1~17~17~46746~1255964
et006029.jpg,,ET 6-29,https://doi.org/10.60807/h43spg,Created,,https://cudl.colorado.edu//luna/servlet/detail/UCBOULDERCB1~17~17~46744~1255966
et006044.jpg,,ET 6-44,https://doi.org/10.60807/vwcray,Created,,https://cudl.colorado.edu//luna/servlet/detail/UCBOULDERCB1~17~17~46748~1255962
et006027.jpg,,ET 6-27,https://doi.org/10.60807/n21r69,Created,,https://cudl.colorado.edu//luna/servlet/detail/UCBOULDERCB1~17~17~46743~1255967
et006109.jpg,,ET 6-109,https://doi.org/10.60807/3udhjx,Created,,https://cudl.colorado.edu//luna/servlet/detail/UCBOULDERCB1~17~17~46765~1255945
et006007.jpg,,ET 6-07,https://doi.org/10.60807/4srahl,Created,,https://cudl.colorado.edu//luna/servlet/detail/UCBOULDERCB1~17~17~46733~1255977
et006011.jpg,,ET 6-11,https://doi.org/10.60807/t05i9m,Created,,https://cudl.colorado.edu//luna/servlet/detail/UCBOULDERCB1~17~17~46735~1255975
et006015.jpg,,ET 6-15,https://doi.org/10.60807/wnd2dz,Created,,https://cudl.colorado.edu//luna/servlet/detail/UCBOULDERCB1~17~17~46737~1255973
et006009.jpg,,ET 6-09,https://doi.org/10.60807/k6yf1t,Created,,https://cudl.colorado.edu//luna/servlet/detail/UCBOULDERCB1~17~17~46734~1255976
et006017.jpg,,ET 6-17,https://doi.org/10.60807/5m3xwz,Created,,https://cudl.colorado.edu//luna/servlet/detail/UCBOULDERCB1~17~17~46738~1255972
et006019.jpg,,ET 6-19,https://doi.org/10.60807/yyzagx,Created,,https://cudl.colorado.edu//luna/servlet/detail/UCBOULDERCB1~17~17~46739~1255971
et006013.jpg,,ET 6-13,https://doi.org/10.60807/jqbe1p,Created,,https://cudl.colorado.edu//luna/servlet/detail/UCBOULDERCB1~17~17~46736~1255974
et006021.jpg,,ET 6-21,https://doi.org/10.60807/mfi9wg,Created,,https://cudl.colorado.edu//luna/servlet/detail/UCBOULDERCB1~17~17~46740~1255970
et006001.jpg,,ET 6-01,https://doi.org/10.60807/fj2hiv,Created,,https://cudl.colorado.edu//luna/servlet/detail/UCBOULDERCB1~17~17~46730~1255980
et006003.jpg,,ET 6-03,https://doi.org/10.60807/hn0u55,Created,,https://cudl.colorado.edu//luna/servlet/detail/UCBOULDERCB1~17~17~46731~1255979
et006005.jpg,,ET 6-05,https://doi.org/10.60807/hyun3r,Created,,https://cudl.colorado.edu//luna/servlet/detail/UCBOULDERCB1~17~17~46732~1255978
maps_archuletaAerials_BACKS.jpg,,Archuleta,https://doi.org/10.60807/c9r4xn,Created,,https://cudl.colorado.edu//luna/servlet/detail/UCBOULDERCB1~17~17~46766~1256135
